{
  "id": "3471526",
  "name": "tmall",
  "font_family": "iconfont",
  "css_prefix_text": "icon-",
  "description": "",
  "glyphs": [
    {
      "icon_id": "9148582",
      "name": "消息",
      "font_class": "xiaoxi",
      "unicode": "e60f",
      "unicode_decimal": 58895
    },
    {
      "icon_id": "145488",
      "name": "二维码",
      "font_class": "erweima",
      "unicode": "e65f",
      "unicode_decimal": 58975
    },
    {
      "icon_id": "673795",
      "name": "收藏_fill",
      "font_class": "shoucangfill",
      "unicode": "e6c9",
      "unicode_decimal": 59081
    },
    {
      "icon_id": "1381299",
      "name": "aliwangwang",
      "font_class": "aliwangwang",
      "unicode": "e609",
      "unicode_decimal": 58889
    },
    {
      "icon_id": "1440887",
      "name": "放大镜",
      "font_class": "fangdajing",
      "unicode": "e633",
      "unicode_decimal": 58931
    },
    {
      "icon_id": "7549150",
      "name": "24gf-bookmark",
      "font_class": "24gf-bookmark",
      "unicode": "e8b1",
      "unicode_decimal": 59569
    },
    {
      "icon_id": "7954390",
      "name": "错叉_块",
      "font_class": "cuocha_kuai",
      "unicode": "ed1e",
      "unicode_decimal": 60702
    },
    {
      "icon_id": "9568081",
      "name": "警示",
      "font_class": "jingshi",
      "unicode": "e657",
      "unicode_decimal": 58967
    },
    {
      "icon_id": "18336448",
      "name": "更多",
      "font_class": "gengduo",
      "unicode": "e60a",
      "unicode_decimal": 58890
    },
    {
      "icon_id": "24218972",
      "name": "下箭头,指向下箭头",
      "font_class": "a-xiajiantouzhixiangxiajiantou",
      "unicode": "e60d",
      "unicode_decimal": 58893
    },
    {
      "icon_id": "27724354",
      "name": "下箭头",
      "font_class": "xiajiantou",
      "unicode": "e69f",
      "unicode_decimal": 59039
    },
    {
      "icon_id": "4171103",
      "name": "支付宝支付",
      "font_class": "zhifubaozhifu",
      "unicode": "e608",
      "unicode_decimal": 58888
    },
    {
      "icon_id": "5027",
      "name": "手机",
      "font_class": "shouji",
      "unicode": "e600",
      "unicode_decimal": 58880
    },
    {
      "icon_id": "5131",
      "name": "家具建材",
      "font_class": "jiajujiancai",
      "unicode": "e601",
      "unicode_decimal": 58881
    },
    {
      "icon_id": "5143",
      "name": "汽车配件",
      "font_class": "qichepeijian",
      "unicode": "e602",
      "unicode_decimal": 58882
    },
    {
      "icon_id": "5144",
      "name": "家纺家饰",
      "font_class": "jiafangjiashi",
      "unicode": "e603",
      "unicode_decimal": 58883
    },
    {
      "icon_id": "5146",
      "name": "医药保健",
      "font_class": "yiyaobaojian",
      "unicode": "e604",
      "unicode_decimal": 58884
    },
    {
      "icon_id": "5147",
      "name": "图书音像",
      "font_class": "tushuyinxiang",
      "unicode": "e605",
      "unicode_decimal": 58885
    },
    {
      "icon_id": "6270",
      "name": "男装",
      "font_class": "nanzhuang",
      "unicode": "e606",
      "unicode_decimal": 58886
    },
    {
      "icon_id": "796493",
      "name": "女装",
      "font_class": "nvzhuang",
      "unicode": "e628",
      "unicode_decimal": 58920
    },
    {
      "icon_id": "947474",
      "name": "店铺",
      "font_class": "dianpu",
      "unicode": "e641",
      "unicode_decimal": 58945
    },
    {
      "icon_id": "986186",
      "name": "微博",
      "font_class": "weibo-copy",
      "unicode": "e653",
      "unicode_decimal": 58963
    },
    {
      "icon_id": "1079672",
      "name": "类目－粗－美妆",
      "font_class": "leimucumeizhuang",
      "unicode": "e642",
      "unicode_decimal": 58946
    },
    {
      "icon_id": "1166678",
      "name": "购物车",
      "font_class": "gouwuche",
      "unicode": "e63b",
      "unicode_decimal": 58939
    },
    {
      "icon_id": "1758589",
      "name": "验证码",
      "font_class": "yanzhengma",
      "unicode": "e65a",
      "unicode_decimal": 58970
    },
    {
      "icon_id": "2932873",
      "name": "钻石",
      "font_class": "zuanshi",
      "unicode": "e811",
      "unicode_decimal": 59409
    },
    {
      "icon_id": "5663967",
      "name": "蒸煮",
      "font_class": "zhengzhu",
      "unicode": "e62b",
      "unicode_decimal": 58923
    },
    {
      "icon_id": "5737738",
      "name": "食物-56",
      "font_class": "shiwu-",
      "unicode": "ebdc",
      "unicode_decimal": 60380
    },
    {
      "icon_id": "6360070",
      "name": "支付平台-支付宝",
      "font_class": "zhifupingtai-zhifubao",
      "unicode": "e613",
      "unicode_decimal": 58899
    },
    {
      "icon_id": "6446244",
      "name": "密码（关）",
      "font_class": "tianchongxing-",
      "unicode": "e638",
      "unicode_decimal": 58936
    },
    {
      "icon_id": "6776389",
      "name": "收藏",
      "font_class": "shoucang",
      "unicode": "eca7",
      "unicode_decimal": 60583
    },
    {
      "icon_id": "8338709",
      "name": "大家电",
      "font_class": "xingzhuang",
      "unicode": "e623",
      "unicode_decimal": 58915
    },
    {
      "icon_id": "10199162",
      "name": "历史记录",
      "font_class": "lishijilu",
      "unicode": "e612",
      "unicode_decimal": 58898
    },
    {
      "icon_id": "10563948",
      "name": "Boot",
      "font_class": "Boot",
      "unicode": "e6ea",
      "unicode_decimal": 59114
    },
    {
      "icon_id": "10593837",
      "name": "用户-角色-用户名-单人_jurassic",
      "font_class": "jurassic_user",
      "unicode": "e6a5",
      "unicode_decimal": 59045
    },
    {
      "icon_id": "11348658",
      "name": "水果",
      "font_class": "shuiguo",
      "unicode": "e631",
      "unicode_decimal": 58929
    },
    {
      "icon_id": "13030053",
      "name": "首页",
      "font_class": "shouye",
      "unicode": "e607",
      "unicode_decimal": 58887
    },
    {
      "icon_id": "13638670",
      "name": "文件包",
      "font_class": "wenjianbao",
      "unicode": "e651",
      "unicode_decimal": 58961
    },
    {
      "icon_id": "15726856",
      "name": "母婴玩具",
      "font_class": "muyingwanju",
      "unicode": "e626",
      "unicode_decimal": 58918
    },
    {
      "icon_id": "20402148",
      "name": "三角下",
      "font_class": "sanjiaoxia",
      "unicode": "e6ec",
      "unicode_decimal": 59116
    }
  ]
}
